datetime,d_0,d_0.05,d_0.1,d_0.15,d_0.2,d_0.3,d_0.4,d_0.5,d_1.0
08/01/2025 11:45,15.31,16.32,16.67,16.63,16.38,15.73,15.25,15.03,15
08/01/2025 12:00,15,16.11,16.54,16.56,16.35,15.74,15.27,15.04,15
08/01/2025 12:14,14.69,15.9,16.41,16.48,16.31,15.75,15.29,15.05,15
08/01/2025 12:28,14.37,15.69,16.27,16.4,16.27,15.75,15.3,15.06,15
08/01/2025 12:43,14.06,15.48,16.13,16.31,16.22,15.75,15.31,15.07,15
08/01/2025 12:57,13.76,15.27,15.99,16.22,16.17,15.74,15.32,15.08,15
08/01/2025 13:12,13.45,15.06,15.85,16.13,16.12,15.73,15.33,15.09,15
08/01/2025 13:26,13.16,14.86,15.72,16.04,16.06,15.72,15.33,15.1,15
08/01/2025 13:40,12.87,14.66,15.58,15.95,16.01,15.71,15.34,15.1,15
08/01/2025 13:55,12.59,14.47,15.45,15.86,15.95,15.69,15.34,15.11,15
08/01/2025 14:09,12.32,14.28,15.32,15.78,15.89,15.67,15.34,15.11,15
08/01/2025 14:24,12.06,14.1,15.19,15.69,15.83,15.65,15.33,15.12,15
08/01/2025 14:38,11.81,13.92,15.06,15.6,15.77,15.63,15.33,15.12,15
08/01/2025 14:52,11.58,13.75,14.94,15.51,15.72,15.61,15.33,15.12,15
08/01/2025 15:07,11.36,13.58,14.82,15.43,15.66,15.58,15.32,15.12,15
08/01/2025 15:21,11.15,13.42,14.7,15.34,15.6,15.56,15.32,15.12,15
08/01/2025 15:36,10.95,13.26,14.58,15.26,15.54,15.54,15.31,15.13,15
08/01/2025 15:50,10.78,13.11,14.47,15.17,15.48,15.51,15.3,15.13,15
08/01/2025 16:04,10.62,12.97,14.35,15.09,15.43,15.49,15.3,15.13,15
08/01/2025 16:19,10.48,12.83,14.24,15.01,15.37,15.47,15.29,15.13,15
08/01/2025 16:33,10.35,12.69,14.13,14.92,15.31,15.44,15.29,15.13,15
08/01/2025 16:48,10.24,12.56,14.01,14.84,15.25,15.42,15.28,15.13,15
08/01/2025 17:02,10.16,12.44,13.9,14.75,15.19,15.39,15.27,15.13,15
08/01/2025 17:16,10.09,12.32,13.79,14.66,15.13,15.37,15.27,15.13,15
08/01/2025 17:31,10.04,12.21,13.68,14.58,15.06,15.34,15.26,15.13,15
08/01/2025 17:45,10.01,12.1,13.57,14.49,15,15.32,15.25,15.13,15
08/01/2025 18:00,10,12.01,13.46,14.39,14.93,15.29,15.25,15.13,15
08/01/2025 18:14,10.01,11.92,13.35,14.3,14.86,15.26,15.24,15.13,15
08/01/2025 18:28,10.04,11.84,13.25,14.2,14.79,15.23,15.23,15.13,15
08/01/2025 18:43,10.09,11.77,13.14,14.11,14.71,15.2,15.22,15.13,15
08/01/2025 18:57,10.16,11.72,13.05,14.01,14.63,15.16,15.21,15.13,15
08/01/2025 19:12,10.24,11.68,12.95,13.91,14.55,15.12,15.2,15.13,15
08/01/2025 19:26,10.35,11.65,12.87,13.82,14.47,15.09,15.19,15.13,15
08/01/2025 19:40,10.48,11.64,12.79,13.73,14.39,15.04,15.18,15.13,15
08/01/2025 19:55,10.62,11.64,12.72,13.64,14.31,15,15.16,15.13,15
08/01/2025 20:09,10.78,11.66,12.66,13.55,14.23,14.95,15.15,15.13,15
08/01/2025 20:24,10.95,11.69,12.62,13.47,14.15,14.91,15.13,15.13,15
08/01/2025 20:38,11.15,11.75,12.59,13.4,14.07,14.86,15.11,15.12,15
08/01/2025 20:52,11.36,11.82,12.56,13.34,14,14.81,15.09,15.12,15
08/01/2025 21:07,11.58,11.9,12.56,13.29,13.93,14.75,15.06,15.11,15
08/01/2025 21:21,11.81,12,12.57,13.24,13.86,14.7,15.04,15.1,15
08/01/2025 21:36,12.06,12.12,12.59,13.21,13.8,14.65,15.01,15.1,15
08/01/2025 21:50,12.32,12.25,12.63,13.19,13.75,14.6,14.99,15.09,15
08/01/2025 22:04,12.59,12.4,12.68,13.18,13.71,14.55,14.96,15.08,15
08/01/2025 22:19,12.87,12.56,12.74,13.18,13.68,14.5,14.93,15.07,15
08/01/2025 22:33,13.16,12.73,12.82,13.19,13.65,14.46,14.9,15.05,15
08/01/2025 22:48,13.45,12.91,12.91,13.22,13.64,14.42,14.87,15.04,15
08/01/2025 23:02,13.76,13.1,13.01,13.25,13.63,14.39,14.85,15.03,15
08/01/2025 23:16,14.06,13.3,13.12,13.3,13.63,14.35,14.82,15.02,15
08/01/2025 23:31,14.37,13.5,13.24,13.35,13.65,14.33,14.8,15,15
08/01/2025 23:45,14.69,13.71,13.37,13.41,13.66,14.31,14.77,14.99,15.01
09/01/2025 00:00,15,13.92,13.5,13.48,13.69,14.29,14.75,14.98,15.01
09/01/2025 00:14,15.31,14.14,13.64,13.56,13.72,14.28,14.73,14.96,15.01
09/01/2025 00:28,15.63,14.35,13.77,13.64,13.76,14.28,14.72,14.95,15.01
09/01/2025 00:43,15.94,14.57,13.92,13.73,13.81,14.27,14.7,14.94,15.01
09/01/2025 00:57,16.24,14.78,14.06,13.81,13.86,14.28,14.69,14.93,15.01
09/01/2025 01:12,16.55,14.99,14.2,13.91,13.91,14.28,14.68,14.92,15.01
09/01/2025 01:26,16.84,15.19,14.34,14,13.96,14.29,14.68,14.91,15.01
09/01/2025 01:40,17.13,15.39,14.48,14.09,14.02,14.31,14.67,14.91,15.01
09/01/2025 01:55,17.41,15.58,14.61,14.18,14.08,14.32,14.67,14.9,15.01
09/01/2025 02:09,17.68,15.77,14.74,14.27,14.14,14.34,14.67,14.89,15.01
09/01/2025 02:24,17.94,15.96,14.87,14.36,14.2,14.36,14.67,14.89,15.01
09/01/2025 02:38,18.19,16.13,15,14.45,14.26,14.38,14.67,14.89,15.01
09/01/2025 02:52,18.42,16.3,15.12,14.53,14.31,14.4,14.68,14.88,15.01
09/01/2025 03:07,18.64,16.47,15.24,14.62,14.37,14.43,14.68,14.88,15.01
09/01/2025 03:21,18.85,16.63,15.36,14.7,14.43,14.45,14.69,14.88,15.01
09/01/2025 03:36,19.05,16.78,15.47,14.79,14.49,14.47,14.69,14.88,15.01
09/01/2025 03:50,19.22,16.92,15.58,14.87,14.55,14.5,14.7,14.88,15.01
09/01/2025 04:04,19.38,17.06,15.69,14.95,14.6,14.52,14.71,14.88,15.01
09/01/2025 04:19,19.52,17.19,15.79,15.03,14.66,14.55,14.71,14.88,15.01
09/01/2025 04:33,19.65,17.32,15.9,15.1,14.72,14.57,14.72,14.88,15.01
09/01/2025 04:48,19.76,17.44,16,15.18,14.77,14.6,14.73,14.88,15.01
09/01/2025 05:02,19.84,17.56,16.11,15.26,14.83,14.62,14.74,14.88,15.01
09/01/2025 05:16,19.91,17.67,16.21,15.34,14.89,14.64,14.74,14.88,15.01
09/01/2025 05:31,19.96,17.77,16.31,15.42,14.95,14.67,14.75,14.88,15.01
09/01/2025 05:45,19.99,17.87,16.41,15.51,15.01,14.7,14.76,14.88,15.01
09/01/2025 06:00,20,17.95,16.51,15.59,15.07,14.72,14.77,14.88,15.01
09/01/2025 06:14,19.99,18.03,16.6,15.67,15.13,14.75,14.77,14.88,15.01
09/01/2025 06:28,19.96,18.1,16.7,15.76,15.2,14.78,14.78,14.88,15.01
09/01/2025 06:43,19.91,18.16,16.79,15.85,15.26,14.81,14.79,14.88,15.01
09/01/2025 06:57,19.84,18.22,16.88,15.93,15.33,14.84,14.8,14.88,15.01
09/01/2025 07:12,19.76,18.25,16.97,16.02,15.41,14.87,14.81,14.88,15.01
09/01/2025 07:26,19.65,18.28,17.05,16.11,15.48,14.91,14.82,14.88,15.01
09/01/2025 07:40,19.52,18.29,17.12,16.19,15.55,14.95,14.83,14.88,15.01
09/01/2025 07:55,19.38,18.29,17.18,16.28,15.63,14.98,14.85,14.88,15.01
09/01/2025 08:09,19.22,18.27,17.24,16.36,15.7,15.03,14.86,14.89,15.01
09/01/2025 08:24,19.05,18.24,17.29,16.43,15.78,15.07,14.88,14.89,15.01
09/01/2025 08:38,18.85,18.19,17.32,16.5,15.85,15.11,14.89,14.89,15.01
09/01/2025 08:52,18.64,18.13,17.35,16.57,15.93,15.16,14.91,14.89,15.01
09/01/2025 09:07,18.42,18.05,17.36,16.62,15.99,15.21,14.93,14.9,15.01
09/01/2025 09:21,18.19,17.95,17.35,16.67,16.06,15.26,14.95,14.91,15.01
09/01/2025 09:36,17.94,17.84,17.34,16.71,16.12,15.31,14.98,14.91,15.01
09/01/2025 09:50,17.68,17.71,17.3,16.73,16.17,15.36,15,14.92,15.01
09/01/2025 10:04,17.41,17.56,17.26,16.75,16.21,15.41,15.03,14.93,15.01
09/01/2025 10:19,17.13,17.41,17.2,16.75,16.25,15.45,15.06,14.94,15.01
09/01/2025 10:33,16.84,17.24,17.13,16.75,16.28,15.5,15.08,14.95,15.01
09/01/2025 10:48,16.55,17.06,17.04,16.73,16.3,15.54,15.11,14.96,15.01
09/01/2025 11:02,16.24,16.87,16.94,16.7,16.31,15.58,15.14,14.97,15.01
09/01/2025 11:16,15.94,16.67,16.84,16.66,16.32,15.61,15.17,14.99,15
09/01/2025 11:31,15.63,16.47,16.72,16.6,16.31,15.64,15.19,15,15
09/01/2025 11:45,15.31,16.26,16.59,16.54,16.29,15.66,15.22,15.01,15
09/01/2025 12:00,15,16.05,16.46,16.48,16.27,15.68,15.24,15.03,15
09/01/2025 12:14,14.69,15.83,16.33,16.4,16.24,15.7,15.26,15.04,15
09/01/2025 12:28,14.37,15.61,16.18,16.32,16.21,15.71,15.28,15.05,15
09/01/2025 12:43,14.06,15.4,16.04,16.24,16.16,15.71,15.29,15.06,15
09/01/2025 12:57,13.76,15.18,15.9,16.15,16.12,15.71,15.31,15.07,15
09/01/2025 13:12,13.45,14.97,15.75,16.06,16.06,15.71,15.32,15.08,15
09/01/2025 13:26,13.16,14.76,15.61,15.96,16.01,15.7,15.33,15.09,15
09/01/2025 13:40,12.87,14.56,15.47,15.87,15.95,15.69,15.33,15.1,15
09/01/2025 13:55,12.59,14.36,15.33,15.78,15.9,15.67,15.34,15.11,15
09/01/2025 14:09,12.32,14.17,15.2,15.68,15.84,15.66,15.34,15.11,15
09/01/2025 14:24,12.06,13.98,15.06,15.59,15.78,15.64,15.34,15.12,15
09/01/2025 14:38,11.81,13.81,14.94,15.5,15.72,15.62,15.34,15.12,15
09/01/2025 14:52,11.58,13.64,14.81,15.42,15.66,15.6,15.33,15.13,15
09/01/2025 15:07,11.36,13.47,14.69,15.33,15.6,15.57,15.33,15.13,15
09/01/2025 15:21,11.15,13.32,14.58,15.25,15.54,15.55,15.32,15.13,15
09/01/2025 15:36,10.95,13.17,14.47,15.17,15.48,15.53,15.32,15.13,15
09/01/2025 15:50,10.78,13.03,14.36,15.09,15.42,15.5,15.31,15.13,15
09/01/2025 16:04,10.62,12.9,14.26,15.01,15.37,15.48,15.3,15.13,15
09/01/2025 16:19,10.48,12.77,14.16,14.93,15.31,15.45,15.3,15.13,15
09/01/2025 16:33,10.35,12.65,14.06,14.86,15.26,15.43,15.29,15.13,15
09/01/2025 16:48,10.24,12.54,13.96,14.78,15.2,15.4,15.28,15.13,15
09/01/2025 17:02,10.16,12.43,13.87,14.71,15.15,15.38,15.27,15.13,15
09/01/2025 17:16,10.09,12.33,13.78,14.64,15.1,15.35,15.26,15.13,15
09/01/2025 17:31,10.04,12.24,13.69,14.56,15.04,15.33,15.26,15.13,15
09/01/2025 17:45,10.01,12.15,13.6,14.49,14.99,15.3,15.25,15.13,15
09/01/2025 18:00,10,12.07,13.51,14.42,14.93,15.28,15.24,15.13,15
09/01/2025 18:14,10.01,12,13.43,14.34,14.87,15.25,15.23,15.13,15
09/01/2025 18:28,10.04,11.94,13.34,14.26,14.81,15.22,15.22,15.13,15
09/01/2025 18:43,10.09,11.88,13.26,14.19,14.75,15.2,15.21,15.13,15
09/01/2025 18:57,10.16,11.84,13.18,14.11,14.69,15.17,15.2,15.13,15
09/01/2025 19:12,10.24,11.81,13.1,14.03,14.63,15.14,15.19,15.12,15
09/01/2025 19:26,10.35,11.78,13.03,13.95,14.56,15.1,15.18,15.12,15
09/01/2025 19:40,10.48,11.77,12.96,13.88,14.5,15.07,15.17,15.12,15
09/01/2025 19:55,10.62,11.78,12.9,13.8,14.43,15.04,15.16,15.12,15
09/01/2025 20:09,10.78,11.79,12.85,13.73,14.36,15,15.15,15.12,15
09/01/2025 20:24,10.95,11.82,12.8,13.65,14.29,14.96,15.13,15.12,15
09/01/2025 20:38,11.15,11.87,12.77,13.59,14.22,14.92,15.12,15.11,15
09/01/2025 20:52,11.36,11.93,12.74,13.53,14.15,14.88,15.1,15.11,15
09/01/2025 21:07,11.58,12.01,12.73,13.47,14.09,14.83,15.08,15.11,15
09/01/2025 21:21,11.81,12.1,12.73,13.42,14.03,14.79,15.06,15.1,15
09/01/2025 21:36,12.06,12.21,12.75,13.38,13.97,14.74,15.04,15.1,15
09/01/2025 21:50,12.32,12.34,12.77,13.36,13.91,14.69,15.02,15.09,15
09/01/2025 22:04,12.59,12.48,12.81,13.34,13.87,14.65,14.99,15.08,15
09/01/2025 22:19,12.87,12.63,12.87,13.33,13.83,14.6,14.97,15.07,15
09/01/2025 22:33,13.16,12.79,12.93,13.33,13.8,14.56,14.94,15.06,15
09/01/2025 22:48,13.45,12.97,13.02,13.34,13.77,14.52,14.92,15.05,15
09/01/2025 23:02,13.76,13.16,13.11,13.37,13.76,14.48,14.89,15.04,15
09/01/2025 23:16,14.06,13.35,13.21,13.41,13.75,14.44,14.86,15.03,15
09/01/2025 23:31,14.37,13.56,13.33,13.45,13.75,14.41,14.84,15.02,15
09/01/2025 23:45,14.69,13.77,13.45,13.51,13.76,14.38,14.81,15,15
10/01/2025 00:00,15,13.98,13.58,13.57,13.78,14.36,14.79,14.99,15
10/01/2025 00:14,15.31,14.2,13.72,13.65,13.81,14.34,14.77,14.98,15
10/01/2025 00:28,15.63,14.42,13.86,13.72,13.84,14.33,14.75,14.96,15.01
10/01/2025 00:43,15.94,14.64,14.01,13.81,13.88,14.32,14.73,14.95,15.01
10/01/2025 00:57,16.24,14.86,14.15,13.9,13.92,14.32,14.71,14.94,15.01
10/01/2025 01:12,16.55,15.08,14.3,13.99,13.98,14.32,14.7,14.93,15.01
10/01/2025 01:26,16.84,15.29,14.45,14.09,14.03,14.32,14.69,14.92,15.01
10/01/2025 01:40,17.13,15.5,14.59,14.18,14.09,14.33,14.68,14.91,15.01
10/01/2025 01:55,17.41,15.7,14.73,14.28,14.15,14.35,14.68,14.9,15.01
10/01/2025 02:09,17.68,15.89,14.87,14.37,14.21,14.36,14.67,14.89,15.01
10/01/2025 02:24,17.94,16.08,15.01,14.47,14.27,14.38,14.67,14.89,15.01
10/01/2025 02:38,18.19,16.26,15.14,14.56,14.33,14.4,14.67,14.88,15.01
10/01/2025 02:52,18.42,16.43,15.26,14.65,14.39,14.42,14.67,14.88,15.01
10/01/2025 03:07,18.64,16.6,15.39,14.74,14.45,14.44,14.68,14.88,15.01
10/01/2025 03:21,18.85,16.75,15.5,14.82,14.51,14.47,14.68,14.87,15.01
10/01/2025 03:36,19.05,16.9,15.61,14.9,14.57,14.49,14.69,14.87,15.01
10/01/2025 03:50,19.22,17.04,15.72,14.98,14.62,14.52,14.69,14.87,15.01
10/01/2025 04:04,19.38,17.17,15.82,15.06,14.68,14.54,14.7,14.87,15.01
10/01/2025 04:19,19.52,17.29,15.91,15.13,14.73,14.57,14.71,14.87,15.01
10/01/2025 04:33,19.65,17.4,16.01,15.2,14.79,14.59,14.72,14.87,15.01
10/01/2025 04:48,19.76,17.51,16.09,15.27,14.84,14.62,14.73,14.87,15.01
10/01/2025 05:02,19.84,17.6,16.18,15.34,14.89,14.64,14.74,14.87,15.01
10/01/2025 05:16,19.91,17.7,16.26,15.41,14.94,14.67,14.74,14.87,15.01
10/01/2025 05:31,19.96,17.78,16.34,15.47,14.99,14.69,14.75,14.88,15.01
10/01/2025 05:45,19.99,17.86,16.42,15.54,15.04,14.72,14.76,14.88,15.01
10/01/2025 06:00,20,17.93,16.5,15.61,15.1,14.74,14.77,14.88,15.01
10/01/2025 06:14,19.99,17.99,16.58,15.67,15.15,14.77,14.78,14.88,15.01
10/01/2025 06:28,19.96,18.04,16.65,15.74,15.2,14.79,14.79,14.88,15.01
10/01/2025 06:43,19.91,18.09,16.72,15.81,15.25,14.82,14.8,14.88,15.01
10/01/2025 06:57,19.84,18.12,16.79,15.88,15.31,14.85,14.81,14.88,15.01
10/01/2025 07:12,19.76,18.15,16.86,15.95,15.37,14.87,14.82,14.89,15.01
10/01/2025 07:26,19.65,18.17,16.92,16.01,15.42,14.9,14.83,14.89,15.01
10/01/2025 07:40,19.52,18.17,16.98,16.08,15.48,14.93,14.84,14.89,15.01
10/01/2025 07:55,19.38,18.17,17.03,16.15,15.54,14.96,14.85,14.89,15.01
10/01/2025 08:09,19.22,18.15,17.08,16.22,15.6,15,14.86,14.89,15.01
10/01/2025 08:24,19.05,18.12,17.12,16.28,15.67,15.03,14.88,14.9,15.01
10/01/2025 08:38,18.85,18.07,17.15,16.34,15.73,15.07,14.89,14.9,15.01
10/01/2025 08:52,18.64,18.01,17.18,16.4,15.79,15.11,14.9,14.9,15.01
10/01/2025 09:07,18.42,17.94,17.19,16.45,15.85,15.15,14.92,14.9,15.01
10/01/2025 09:21,18.19,17.85,17.19,16.5,15.91,15.19,14.94,14.91,15.01
10/01/2025 09:36,17.94,17.74,17.18,16.54,15.96,15.23,14.96,14.91,15.01
10/01/2025 09:50,17.68,17.62,17.16,16.57,16.02,15.28,14.98,14.92,15.01
10/01/2025 10:04,17.41,17.49,17.12,16.59,16.06,15.32,15,14.93,15.01
10/01/2025 10:19,17.13,17.34,17.07,16.6,16.1,15.36,15.02,14.93,15.01
10/01/2025 10:33,16.84,17.18,17.01,16.6,16.14,15.4,15.05,14.94,15.01
10/01/2025 10:48,16.55,17,16.93,16.59,16.16,15.44,15.07,14.95,15
10/01/2025 11:02,16.24,16.82,16.84,16.57,16.18,15.48,15.1,14.96,15
10/01/2025 11:16,15.94,16.62,16.74,16.54,16.19,15.52,15.12,14.97,15
10/01/2025 11:31,15.63,16.42,16.63,16.49,16.19,15.55,15.15,14.99,15
10/01/2025 11:45,15.31,16.21,16.51,16.44,16.19,15.58,15.17,15,15
10/01/2025 12:00,15,15.99,16.38,16.38,16.17,15.61,15.2,15.01,15
10/01/2025 12:14,14.69,15.77,16.24,16.31,16.15,15.63,15.22,15.02,15
10/01/2025 12:28,14.37,15.55,16.1,16.23,16.12,15.64,15.24,15.04,15
10/01/2025 12:43,14.06,15.33,15.95,16.15,16.08,15.65,15.26,15.05,15
10/01/2025 12:57,13.76,15.1,15.8,16.06,16.04,15.66,15.28,15.06,15
10/01/2025 13:12,13.45,14.88,15.65,15.97,15.99,15.66,15.29,15.07,15
10/01/2025 13:26,13.16,14.67,15.5,15.87,15.94,15.66,15.3,15.08,15
10/01/2025 13:40,12.87,14.45,15.35,15.77,15.88,15.65,15.31,15.09,15
10/01/2025 13:55,12.59,14.25,15.21,15.67,15.82,15.64,15.32,15.1,15
10/01/2025 14:09,12.32,14.05,15.06,15.57,15.76,15.63,15.33,15.11,15
10/01/2025 14:24,12.06,13.86,14.92,15.48,15.69,15.61,15.33,15.12,15
10/01/2025 14:38,11.81,13.67,14.79,15.38,15.63,15.59,15.33,15.12,15
10/01/2025 14:52,11.58,13.5,14.66,15.29,15.57,15.57,15.33,15.13,15
10/01/2025 15:07,11.36,13.33,14.53,15.2,15.51,15.55,15.33,15.13,15
10/01/2025 15:21,11.15,13.18,14.42,15.11,15.45,15.52,15.32,15.14,15
10/01/2025 15:36,10.95,13.03,14.31,15.03,15.39,15.5,15.32,15.14,15
10/01/2025 15:50,10.78,12.89,14.2,14.95,15.33,15.47,15.31,15.14,15
10/01/2025 16:04,10.62,12.77,14.1,14.87,15.27,15.45,15.3,15.14,15
10/01/2025 16:19,10.48,12.65,14.01,14.8,15.22,15.42,15.29,15.14,15
10/01/2025 16:33,10.35,12.54,13.92,14.73,15.16,15.4,15.29,15.14,15
10/01/2025 16:48,10.24,12.44,13.83,14.66,15.11,15.37,15.28,15.14,15
10/01/2025 17:02,10.16,12.35,13.75,14.6,15.06,15.34,15.27,15.14,15
10/01/2025 17:16,10.09,12.26,13.68,14.54,15.01,15.32,15.26,15.13,15
10/01/2025 17:31,10.04,12.19,13.6,14.48,14.97,15.29,15.25,15.13,15
10/01/2025 17:45,10.01,12.12,13.53,14.42,14.92,15.27,15.24,15.13,15
10/01/2025 18:00,10,12.06,13.47,14.36,14.87,15.25,15.23,15.13,15
10/01/2025 18:14,10.01,12.01,13.4,14.3,14.83,15.22,15.22,15.13,15
10/01/2025 18:28,10.04,11.96,13.34,14.24,14.78,15.2,15.21,15.12,15
10/01/2025 18:43,10.09,11.92,13.28,14.18,14.73,15.17,15.2,15.12,15
10/01/2025 18:57,10.16,11.9,13.22,14.12,14.68,15.15,15.19,15.12,15
10/01/2025 19:12,10.24,11.88,13.16,14.06,14.63,15.12,15.18,15.12,15
10/01/2025 19:26,10.35,11.87,13.11,14,14.58,15.09,15.17,15.12,15
10/01/2025 19:40,10.48,11.87,13.06,13.94,14.53,15.07,15.16,15.11,15
10/01/2025 19:55,10.62,11.88,13.02,13.89,14.48,15.04,15.15,15.11,15
10/01/2025 20:09,10.78,11.9,12.98,13.83,14.42,15.01,15.14,15.11,15
10/01/2025 20:24,10.95,11.93,12.94,13.77,14.37,14.98,15.13,15.11,15
10/01/2025 20:38,11.15,11.98,12.92,13.72,14.31,14.94,15.11,15.1,15
10/01/2025 20:52,11.36,12.04,12.9,13.67,14.26,14.91,15.1,15.1,15
10/01/2025 21:07,11.58,12.11,12.88,13.62,14.2,14.87,15.09,15.1,15
10/01/2025 21:21,11.81,12.2,12.88,13.58,14.15,14.84,15.07,15.09,15
10/01/2025 21:36,12.06,12.31,12.89,13.54,14.1,14.8,15.05,15.09,15
10/01/2025 21:50,12.32,12.42,12.92,13.51,14.05,14.76,15.03,15.08,15
10/01/2025 22:04,12.59,12.55,12.95,13.49,14.01,14.72,15.01,15.08,15
10/01/2025 22:19,12.87,12.7,13,13.48,13.97,14.68,14.99,15.07,15
10/01/2025 22:33,13.16,12.86,13.05,13.47,13.93,14.64,14.97,15.06,15
10/01/2025 22:48,13.45,13.03,13.13,13.48,13.91,14.6,14.95,15.05,15
10/01/2025 23:02,13.76,13.21,13.21,13.5,13.89,14.56,14.92,15.05,15
10/01/2025 23:16,14.06,13.41,13.31,13.53,13.87,14.53,14.9,15.03,15
10/01/2025 23:31,14.37,13.61,13.42,13.56,13.87,14.49,14.88,15.02,15
10/01/2025 23:45,14.69,13.82,13.53,13.61,13.87,14.46,14.85,15.01,15
11/01/2025 00:00,15,14.03,13.66,13.67,13.88,14.44,14.83,15,15
11/01/2025 00:14,15.31,14.25,13.8,13.74,13.9,14.42,14.81,14.99,15
11/01/2025 00:28,15.63,14.48,13.94,13.81,13.93,14.4,14.78,14.98,15
11/01/2025 00:43,15.94,14.7,14.09,13.9,13.97,14.39,14.76,14.96,15
11/01/2025 00:57,16.24,14.93,14.24,13.99,14.01,14.38,14.75,14.95,15
11/01/2025 01:12,16.55,15.15,14.39,14.08,14.05,14.37,14.73,14.94,15.01
11/01/2025 01:26,16.84,15.37,14.55,14.18,14.11,14.37,14.72,14.93,15.01
11/01/2025 01:40,17.13,15.59,14.7,14.28,14.16,14.38,14.71,14.92,15.01
11/01/2025 01:55,17.41,15.8,14.85,14.38,14.23,14.39,14.7,14.91,15.01
11/01/2025 02:09,17.68,16.01,15,14.48,14.29,14.4,14.69,14.9,15.01
11/01/2025 02:24,17.94,16.2,15.15,14.58,14.35,14.42,14.68,14.89,15.01
11/01/2025 02:38,18.19,16.39,15.29,14.68,14.42,14.43,14.68,14.88,15.01
11/01/2025 02:52,18.42,16.57,15.42,14.78,14.48,14.46,14.68,14.88,15.01
11/01/2025 03:07,18.64,16.74,15.55,14.87,14.55,14.48,14.68,14.87,15.01
11/01/2025 03:21,18.85,16.9,15.67,14.96,14.61,14.5,14.69,14.87,15.01
11/01/2025 03:36,19.05,17.05,15.79,15.05,14.67,14.53,14.69,14.87,15.01
11/01/2025 03:50,19.22,17.19,15.89,15.13,14.73,14.55,14.7,14.87,15.01
11/01/2025 04:04,19.38,17.31,16,15.21,14.79,14.58,14.71,14.86,15.01
11/01/2025 04:19,19.52,17.43,16.09,15.28,14.85,14.6,14.71,14.86,15.01
11/01/2025 04:33,19.65,17.54,16.18,15.35,14.9,14.63,14.72,14.86,15.01
11/01/2025 04:48,19.76,17.63,16.26,15.42,14.95,14.66,14.73,14.87,15.01
11/01/2025 05:02,19.84,17.72,16.34,15.48,15,14.68,14.74,14.87,15.01
11/01/2025 05:16,19.91,17.8,16.41,15.54,15.05,14.71,14.75,14.87,15.01
11/01/2025 05:31,19.96,17.87,16.47,15.6,15.09,14.73,14.76,14.87,15.01
11/01/2025 05:45,19.99,17.93,16.53,15.65,15.14,14.76,14.77,14.87,15.01
11/01/2025 06:00,20,17.98,16.59,15.71,15.18,14.78,14.78,14.88,15.01
11/01/2025 06:14,19.99,18.02,16.65,15.76,15.22,14.81,14.79,14.88,15.01
11/01/2025 06:28,19.96,18.06,16.7,15.81,15.27,14.83,14.8,14.88,15.01
11/01/2025 06:43,19.91,18.09,16.75,15.86,15.31,14.85,14.81,14.88,15.01
11/01/2025 06:57,19.84,18.11,16.8,15.91,15.35,14.88,14.82,14.89,15.01
11/01/2025 07:12,19.76,18.12,16.84,15.96,15.39,14.9,14.83,14.89,15.01
11/01/2025 07:26,19.65,18.12,16.89,16.01,15.44,14.93,14.84,14.89,15.01
11/01/2025 07:40,19.52,18.11,16.92,16.06,15.48,14.95,14.85,14.89,15.01
11/01/2025 07:55,19.38,18.09,16.96,16.11,15.53,14.98,14.86,14.9,15.01
11/01/2025 08:09,19.22,18.07,16.99,16.15,15.57,15,14.87,14.9,15.01
11/01/2025 08:24,19.05,18.03,17.02,16.2,15.62,15.03,14.88,14.9,15.01
11/01/2025 08:38,18.85,17.98,17.04,16.25,15.67,15.06,14.9,14.91,15.01
11/01/2025 08:52,18.64,17.92,17.05,16.29,15.72,15.09,14.91,14.91,15.01
11/01/2025 09:07,18.42,17.84,17.06,16.33,15.76,15.12,14.92,14.91,15.01
11/01/2025 09:21,18.19,17.75,17.06,16.37,15.81,15.16,14.94,14.92,15.01
11/01/2025 09:36,17.94,17.65,17.05,16.4,15.86,15.19,14.95,14.92,15.01
11/01/2025 09:50,17.68,17.54,17.02,16.43,15.9,15.22,14.97,14.93,15.01
11/01/2025 10:04,17.41,17.41,16.99,16.45,15.94,15.26,14.99,14.93,15
11/01/2025 10:19,17.13,17.27,16.95,16.46,15.98,15.3,15.01,14.94,15
11/01/2025 10:33,16.84,17.11,16.89,16.46,16.01,15.33,15.03,14.94,15
11/01/2025 10:48,16.55,16.94,16.82,16.46,16.04,15.37,15.05,14.95,15
11/01/2025 11:02,16.24,16.76,16.74,16.44,16.06,15.41,15.07,14.96,15
11/01/2025 11:16,15.94,16.57,16.65,16.42,16.07,15.44,15.09,14.97,15
11/01/2025 11:31,15.63,16.37,16.54,16.38,16.08,15.47,15.11,14.98,15
11/01/2025 11:45,15.31,16.16,16.43,16.34,16.08,15.5,15.14,14.99,15
11/01/2025 12:00,15,15.95,16.3,16.28,16.07,15.53,15.16,15,15
11/01/2025 12:14,14.69,15.73,16.17,16.22,16.05,15.55,15.18,15.01,15
11/01/2025 12:28,14.37,15.5,16.03,16.14,16.03,15.57,15.2,15.02,15
11/01/2025 12:43,14.06,15.27,15.88,16.06,15.99,15.58,15.22,15.04,15
11/01/2025 12:57,13.76,15.05,15.73,15.97,15.95,15.59,15.24,15.05,15
11/01/2025 13:12,13.45,14.82,15.57,15.88,15.91,15.6,15.26,15.06,15
11/01/2025 13:26,13.16,14.59,15.41,15.78,15.86,15.6,15.27,15.07,15
11/01/2025 13:40,12.87,14.37,15.25,15.68,15.8,15.6,15.29,15.08,15
11/01/2025 13:55,12.59,14.16,15.1,15.57,15.74,15.59,15.3,15.09,15
11/01/2025 14:09,12.32,13.95,14.94,15.47,15.67,15.58,15.3,15.1,15
11/01/2025 14:24,12.06,13.74,14.79,15.36,15.61,15.57,15.31,15.11,15
11/01/2025 14:38,11.81,13.55,14.64,15.26,15.54,15.55,15.31,15.12,15
11/01/2025 14:52,11.58,13.37,14.5,15.16,15.47,15.53,15.32,15.13,15
11/01/2025 15:07,11.36,13.19,14.37,15.06,15.4,15.5,15.31,15.13,15
11/01/2025 15:21,11.15,13.03,14.24,14.97,15.34,15.48,15.31,15.14,15
11/01/2025 15:36,10.95,12.88,14.12,14.88,15.27,15.45,15.31,15.14,15
11/01/2025 15:50,10.78,12.74,14.01,14.79,15.21,15.43,15.3,15.14,15
11/01/2025 16:04,10.62,12.61,13.91,14.71,15.15,15.4,15.3,15.14,15
11/01/2025 16:19,10.48,12.49,13.81,14.63,15.09,15.38,15.29,15.14,15
11/01/2025 16:33,10.35,12.38,13.72,14.56,15.04,15.35,15.28,15.14,15
11/01/2025 16:48,10.24,12.29,13.64,14.49,14.99,15.32,15.27,15.14,15
11/01/2025 17:02,10.16,12.2,13.57,14.43,14.94,15.3,15.26,15.14,15
11/01/2025 17:16,10.09,12.13,13.5,14.37,14.89,15.27,15.25,15.14,15
11/01/2025 17:31,10.04,12.06,13.44,14.32,14.85,15.24,15.24,15.14,15
11/01/2025 17:45,10.01,12.01,13.38,14.27,14.8,15.22,15.23,15.13,15
11/01/2025 18:00,10,11.97,13.33,14.22,14.76,15.2,15.22,15.13,15
11/01/2025 18:14,10.01,11.93,13.28,14.17,14.72,15.17,15.21,15.13,15
11/01/2025 18:28,10.04,11.9,13.24,14.13,14.68,15.15,15.2,15.13,15
11/01/2025 18:43,10.09,11.88,13.2,14.09,14.65,15.13,15.19,15.12,15
11/01/2025 18:57,10.16,11.87,13.16,14.05,14.61,15.1,15.18,15.12,15
11/01/2025 19:12,10.24,11.87,13.13,14,14.57,15.08,15.17,15.12,15
11/01/2025 19:26,10.35,11.88,13.1,13.96,14.53,15.06,15.16,15.11,15
11/01/2025 19:40,10.48,11.89,13.07,13.93,14.5,15.03,15.14,15.11,15
11/01/2025 19:55,10.62,11.92,13.04,13.89,14.46,15.01,15.13,15.11,15
11/01/2025 20:09,10.78,11.95,13.02,13.85,14.42,14.99,15.12,15.1,15
11/01/2025 20:24,10.95,12,13.01,13.81,14.38,14.96,15.11,15.1,15
11/01/2025 20:38,11.15,12.05,12.99,13.77,14.34,14.94,15.1,15.1,15
11/01/2025 20:52,11.36,12.12,12.99,13.74,14.3,14.91,15.09,15.09,15
11/01/2025 21:07,11.58,12.19,12.98,13.7,14.26,14.88,15.08,15.09,15
11/01/2025 21:21,11.81,12.28,12.99,13.67,14.22,14.85,15.06,15.09,15
11/01/2025 21:36,12.06,12.38,13.01,13.65,14.18,14.82,15.05,15.08,15
11/01/2025 21:50,12.32,12.5,13.03,13.63,14.14,14.79,15.03,15.08,15
11/01/2025 22:04,12.59,12.62,13.06,13.61,14.11,14.76,15.02,15.07,15
11/01/2025 22:19,12.87,12.76,13.11,13.6,14.07,14.73,15,15.07,15
11/01/2025 22:33,13.16,12.92,13.16,13.59,14.04,14.69,14.98,15.06,15
11/01/2025 22:48,13.45,13.08,13.23,13.6,14.02,14.66,14.96,15.05,15
11/01/2025 23:02,13.76,13.26,13.3,13.61,14,14.63,14.94,15.04,15
11/01/2025 23:16,14.06,13.45,13.39,13.64,13.98,14.6,14.92,15.04,15
11/01/2025 23:31,14.37,13.65,13.5,13.67,13.97,14.57,14.9,15.03,15
11/01/2025 23:45,14.69,13.85,13.61,13.71,13.97,14.54,14.88,15.02,15
12/01/2025 00:00,15,14.07,13.73,13.76,13.98,14.51,14.86,15.01,15
12/01/2025 00:14,15.31,14.29,13.86,13.83,14,14.49,14.84,15,15
12/01/2025 00:28,15.63,14.51,14,13.9,14.02,14.47,14.82,14.98,15
12/01/2025 00:43,15.94,14.74,14.15,13.98,14.05,14.45,14.8,14.97,15
12/01/2025 00:57,16.24,14.97,14.3,14.06,14.09,14.44,14.78,14.96,15
12/01/2025 01:12,16.55,15.2,14.46,14.16,14.13,14.43,14.76,14.95,15
12/01/2025 01:26,16.84,15.43,14.62,14.26,14.18,14.43,14.75,14.94,15
12/01/2025 01:40,17.13,15.66,14.79,14.36,14.24,14.43,14.73,14.93,15
12/01/2025 01:55,17.41,15.88,14.95,14.47,14.3,14.44,14.72,14.92,15.01
12/01/2025 02:09,17.68,16.09,15.11,14.58,14.37,14.45,14.71,14.91,15.01
12/01/2025 02:24,17.94,16.3,15.26,14.69,14.43,14.46,14.71,14.9,15.01
12/01/2025 02:38,18.19,16.5,15.42,14.79,14.5,14.48,14.7,14.89,15.01
12/01/2025 02:52,18.42,16.69,15.56,14.9,14.57,14.5,14.7,14.88,15.01
12/01/2025 03:07,18.64,16.87,15.7,15,14.64,14.52,14.7,14.88,15.01
12/01/2025 03:21,18.85,17.04,15.84,15.1,14.71,14.55,14.7,14.87,15.01
12/01/2025 03:36,19.05,17.2,15.96,15.2,14.78,14.57,14.7,14.87,15.01
12/01/2025 03:50,19.22,17.34,16.08,15.29,14.85,14.6,14.71,14.86,15.01
12/01/2025 04:04,19.38,17.47,16.19,15.38,14.91,14.63,14.71,14.86,15.01
12/01/2025 04:19,19.52,17.6,16.29,15.46,14.97,14.65,14.72,14.86,15.01
12/01/2025 04:33,19.65,17.7,16.38,15.53,15.03,14.68,14.73,14.86,15.01
12/01/2025 04:48,19.76,17.8,16.46,15.6,15.09,14.71,14.74,14.86,15.01
12/01/2025 05:02,19.84,17.88,16.54,15.66,15.14,14.74,14.75,14.86,15.01
12/01/2025 05:16,19.91,17.95,16.61,15.72,15.19,14.76,14.76,14.86,15.01
12/01/2025 05:31,19.96,18.02,16.66,15.78,15.23,14.79,14.77,14.87,15.01
12/01/2025 05:45,19.99,18.07,16.72,15.83,15.27,14.81,14.78,14.87,15.01
12/01/2025 06:00,20,18.1,16.77,15.87,15.31,14.84,14.79,14.87,15.01
12/01/2025 06:14,19.99,18.13,16.81,15.91,15.35,14.86,14.8,14.88,15.01
12/01/2025 06:28,19.96,18.15,16.84,15.95,15.39,14.89,14.82,14.88,15.01
12/01/2025 06:43,19.91,18.16,16.88,15.99,15.42,14.91,14.83,14.88,15.01
12/01/2025 06:57,19.84,18.17,16.9,16.02,15.45,14.93,14.84,14.89,15.01
12/01/2025 07:12,19.76,18.16,16.93,16.06,15.49,14.95,14.85,14.89,15.01
12/01/2025 07:26,19.65,18.15,16.95,16.09,15.52,14.97,14.86,14.89,15.01
12/01/2025 07:40,19.52,18.12,16.97,16.12,15.55,15,14.87,14.9,15.01
12/01/2025 07:55,19.38,18.09,16.98,16.15,15.58,15.02,14.88,14.9,15.01
12/01/2025 08:09,19.22,18.05,16.99,16.18,15.61,15.04,14.89,14.9,15.01
12/01/2025 08:24,19.05,18,17,16.21,15.64,15.06,14.9,14.91,15.01
12/01/2025 08:38,18.85,17.94,17,16.24,15.68,15.08,14.91,14.91,15.01
12/01/2025 08:52,18.64,17.87,17,16.26,15.71,15.11,14.92,14.92,15
12/01/2025 09:07,18.42,17.79,16.99,16.29,15.74,15.13,14.94,14.92,15
12/01/2025 09:21,18.19,17.69,16.98,16.31,15.78,15.16,14.95,14.92,15
12/01/2025 09:36,17.94,17.59,16.96,16.33,15.81,15.18,14.96,14.93,15
12/01/2025 09:50,17.68,17.48,16.94,16.34,15.84,15.21,14.98,14.93,15
12/01/2025 10:04,17.41,17.35,16.9,16.36,15.87,15.24,14.99,14.94,15
12/01/2025 10:19,17.13,17.21,16.86,16.36,15.9,15.27,15,14.94,15
12/01/2025 10:33,16.84,17.06,16.8,16.36,15.92,15.3,15.02,14.95,15
12/01/2025 10:48,16.55,16.9,16.74,16.36,15.95,15.33,15.04,14.96,15
12/01/2025 11:02,16.24,16.72,16.66,16.34,15.96,15.36,15.06,14.96,15
12/01/2025 11:16,15.94,16.54,16.57,16.32,15.98,15.38,15.07,14.97,15
12/01/2025 11:31,15.63,16.34,16.47,16.29,15.99,15.41,15.09,14.98,15
12/01/2025 11:45,15.31,16.14,16.36,16.25,15.99,15.44,15.11,14.99,15
12/01/2025 12:00,15,15.92,16.24,16.2,15.98,15.46,15.13,15,15
12/01/2025 12:14,14.69,15.7,16.11,16.14,15.97,15.49,15.15,15.01,15
12/01/2025 12:28,14.37,15.48,15.98,16.07,15.95,15.51,15.17,15.02,15
12/01/2025 12:43,14.06,15.25,15.83,15.99,15.92,15.52,15.19,15.03,15
12/01/2025 12:57,13.76,15.02,15.68,15.91,15.88,15.53,15.21,15.04,15
12/01/2025 13:12,13.45,14.78,15.52,15.82,15.84,15.54,15.23,15.05,15
12/01/2025 13:26,13.16,14.55,15.35,15.72,15.79,15.55,15.24,15.06,15
12/01/2025 13:40,12.87,14.32,15.19,15.61,15.73,15.55,15.26,15.07,15
12/01/2025 13:55,12.59,14.1,15.02,15.5,15.67,15.54,15.27,15.08,15
12/01/2025 14:09,12.32,13.88,14.86,15.39,15.61,15.53,15.28,15.09,15
12/01/2025 14:24,12.06,13.66,14.7,15.28,15.54,15.52,15.29,15.1,15
12/01/2025 14:38,11.81,13.46,14.54,15.16,15.46,15.5,15.29,15.11,15
12/01/2025 14:52,11.58,13.26,14.38,15.05,15.39,15.48,15.3,15.12,15
12/01/2025 15:07,11.36,13.08,14.24,14.94,15.32,15.46,15.3,15.13,15
12/01/2025 15:21,11.15,12.9,14.09,14.84,15.24,15.44,15.3,15.13,15
12/01/2025 15:36,10.95,12.74,13.96,14.74,15.17,15.41,15.29,15.14,15
12/01/2025 15:50,10.78,12.59,13.84,14.64,15.1,15.38,15.29,15.14,15
12/01/2025 16:04,10.62,12.45,13.72,14.55,15.03,15.35,15.28,15.14,15
12/01/2025 16:19,10.48,12.33,13.62,14.46,14.97,15.32,15.28,15.14,15
12/01/2025 16:33,10.35,12.22,13.52,14.38,14.9,15.29,15.27,15.15,15
12/01/2025 16:48,10.24,12.12,13.43,14.31,14.85,15.26,15.26,15.14,15
12/01/2025 17:02,10.16,12.03,13.36,14.24,14.79,15.24,15.25,15.14,15
12/01/2025 17:16,10.09,11.96,13.29,14.18,14.74,15.21,15.24,15.14,15
12/01/2025 17:31,10.04,11.9,13.23,14.13,14.69,15.18,15.23,15.14,15
12/01/2025 17:45,10.01,11.85,13.18,14.08,14.65,15.15,15.21,15.14,15
12/01/2025 18:00,10,11.82,13.13,14.03,14.61,15.13,15.2,15.13,15
12/01/2025 18:14,10.01,11.79,13.09,13.99,14.57,15.11,15.19,15.13,15
12/01/2025 18:28,10.04,11.78,13.06,13.96,14.54,15.08,15.18,15.13,15
12/01/2025 18:43,10.09,11.77,13.04,13.92,14.51,15.06,15.17,15.12,15
12/01/2025 18:57,10.16,11.78,13.02,13.9,14.48,15.04,15.16,15.12,15
12/01/2025 19:12,10.24,11.79,13,13.87,14.45,15.02,15.15,15.11,15
12/01/2025 19:26,10.35,11.82,12.99,13.84,14.42,15,15.13,15.11,15
12/01/2025 19:40,10.48,11.85,12.98,13.82,14.4,14.98,15.12,15.11,15
12/01/2025 19:55,10.62,11.89,12.98,13.8,14.37,14.96,15.11,15.1,15
12/01/2025 20:09,10.78,11.94,12.97,13.78,14.35,14.94,15.1,15.1,15
12/01/2025 20:24,10.95,11.99,12.98,13.76,14.32,14.92,15.09,15.09,15
12/01/2025 20:38,11.15,12.06,12.98,13.74,14.29,14.9,15.08,15.09,15
12/01/2025 20:52,11.36,12.14,12.99,13.72,14.27,14.88,15.07,15.09,15
12/01/2025 21:07,11.58,12.22,13.01,13.71,14.24,14.85,15.06,15.08,15
12/01/2025 21:21,11.81,12.32,13.03,13.69,14.22,14.83,15.05,15.08,15
12/01/2025 21:36,12.06,12.42,13.05,13.68,14.19,14.81,15.03,15.07,15
12/01/2025 21:50,12.32,12.54,13.09,13.67,14.17,14.79,15.02,15.07,15
12/01/2025 22:04,12.59,12.67,13.13,13.67,14.14,14.76,15.01,15.06,15
12/01/2025 22:19,12.87,12.81,13.17,13.66,14.12,14.74,15,15.06,15
12/01/2025 22:33,13.16,12.96,13.23,13.67,14.1,14.71,14.98,15.05,15
12/01/2025 22:48,13.45,13.12,13.29,13.68,14.08,14.69,14.97,15.05,15
12/01/2025 23:02,13.76,13.29,13.37,13.69,14.07,14.66,14.95,15.04,15
12/01/2025 23:16,14.06,13.48,13.46,13.71,14.06,14.63,14.93,15.03,15
12/01/2025 23:31,14.37,13.67,13.55,13.74,14.05,14.61,14.92,15.03,15
12/01/2025 23:45,14.69,13.87,13.66,13.78,14.05,14.58,14.9,15.02,15
13/01/2025 00:00,15,14.08,13.78,13.83,14.06,14.56,14.88,15.01,15
13/01/2025 00:14,15.31,14.3,13.9,13.89,14.07,14.54,14.86,15,15
13/01/2025 00:28,15.63,14.53,14.04,13.96,14.09,14.52,14.84,14.99,15
13/01/2025 00:43,15.94,14.75,14.19,14.03,14.11,14.51,14.82,14.98,15
13/01/2025 00:57,16.24,14.99,14.34,14.12,14.15,14.49,14.81,14.97,15
13/01/2025 01:12,16.55,15.22,14.5,14.21,14.19,14.48,14.79,14.96,15
13/01/2025 01:26,16.84,15.46,14.66,14.31,14.24,14.48,14.77,14.95,15
13/01/2025 01:40,17.13,15.69,14.83,14.41,14.29,14.48,14.76,14.94,15
13/01/2025 01:55,17.41,15.92,15,14.52,14.35,14.48,14.75,14.92,15
13/01/2025 02:09,17.68,16.14,15.17,14.64,14.42,14.49,14.74,14.91,15
13/01/2025 02:24,17.94,16.36,15.33,14.75,14.49,14.5,14.73,14.9,15
13/01/2025 02:38,18.19,16.57,15.5,14.87,14.57,14.52,14.72,14.9,15.01
13/01/2025 02:52,18.42,16.77,15.66,14.99,14.64,14.54,14.72,14.89,15.01
13/01/2025 03:07,18.64,16.97,15.81,15.1,14.72,14.56,14.71,14.88,15.01
13/01/2025 03:21,18.85,17.15,15.96,15.21,14.8,14.58,14.71,14.87,15.01
13/01/2025 03:36,19.05,17.32,16.1,15.32,14.87,14.61,14.72,14.87,15.01
13/01/2025 03:50,19.22,17.47,16.24,15.43,14.95,14.64,14.72,14.86,15.01
13/01/2025 04:04,19.38,17.62,16.36,15.52,15.02,14.67,14.73,14.86,15.01
13/01/2025 04:19,19.52,17.75,16.47,15.62,15.09,14.7,14.73,14.86,15.01
13/01/2025 04:33,19.65,17.86,16.57,15.7,15.16,14.73,14.74,14.86,15.01
13/01/2025 04:48,19.76,17.96,16.67,15.78,15.22,14.77,14.75,14.86,15.01
13/01/2025 05:02,19.84,18.05,16.75,15.85,15.28,14.8,14.76,14.86,15.01
13/01/2025 05:16,19.91,18.13,16.82,15.92,15.34,14.83,14.77,14.86,15.01
13/01/2025 05:31,19.96,18.19,16.88,15.98,15.39,14.86,14.79,14.86,15.01
13/01/2025 05:45,19.99,18.23,16.94,16.03,15.43,14.88,14.8,14.87,15.01
13/01/2025 06:00,20,18.27,16.98,16.07,15.47,14.91,14.81,14.87,15.01
13/01/2025 06:14,19.99,18.29,17.02,16.11,15.51,14.93,14.82,14.87,15.01
13/01/2025 06:28,19.96,18.3,17.05,16.15,15.54,14.96,14.83,14.88,15.01
13/01/2025 06:43,19.91,18.3,17.07,16.18,15.57,14.98,14.85,14.88,15.01
13/01/2025 06:57,19.84,18.29,17.08,16.2,15.6,15,14.86,14.89,15.01
13/01/2025 07:12,19.76,18.27,17.09,16.22,15.63,15.02,14.87,14.89,15.01
13/01/2025 07:26,19.65,18.24,17.1,16.24,15.65,15.04,14.88,14.89,15.01
13/01/2025 07:40,19.52,18.2,17.1,16.26,15.67,15.06,14.89,14.9,15.01
13/01/2025 07:55,19.38,18.15,17.09,16.27,15.69,15.08,14.9,14.9,15
13/01/2025 08:09,19.22,18.1,17.08,16.29,15.71,15.1,14.91,14.91,15
13/01/2025 08:24,19.05,18.03,17.07,16.3,15.73,15.12,14.92,14.91,15
13/01/2025 08:38,18.85,17.96,17.05,16.31,15.75,15.14,14.94,14.92,15
13/01/2025 08:52,18.64,17.88,17.04,16.32,15.77,15.15,14.95,14.92,15
13/01/2025 09:07,18.42,17.78,17.01,16.32,15.79,15.17,14.96,14.93,15
13/01/2025 09:21,18.19,17.68,16.98,16.33,15.81,15.19,14.97,14.93,15
13/01/2025 09:36,17.94,17.57,16.95,16.33,15.83,15.21,14.98,14.94,15
13/01/2025 09:50,17.68,17.45,16.91,16.33,15.85,15.23,14.99,14.94,15
13/01/2025 10:04,17.41,17.32,16.87,16.33,15.86,15.25,15,14.94,15
13/01/2025 10:19,17.13,17.18,16.82,16.33,15.88,15.27,15.02,14.95,15
13/01/2025 10:33,16.84,17.03,16.76,16.32,15.89,15.29,15.03,14.96,15
13/01/2025 10:48,16.55,16.87,16.69,16.31,15.91,15.32,15.04,14.96,15
13/01/2025 11:02,16.24,16.7,16.61,16.29,15.92,15.34,15.06,14.97,15
13/01/2025 11:16,15.94,16.52,16.53,16.27,15.93,15.36,15.07,14.97,15
13/01/2025 11:31,15.63,16.33,16.43,16.23,15.93,15.38,15.09,14.98,15
13/01/2025 11:45,15.31,16.13,16.33,16.2,15.93,15.41,15.1,14.99,15
13/01/2025 12:00,15,15.92,16.21,16.15,15.92,15.43,15.12,15,15
13/01/2025 12:14,14.69,15.7,16.09,16.09,15.91,15.45,15.14,15.01,15
13/01/2025 12:28,14.37,15.48,15.95,16.03,15.89,15.46,15.15,15.01,15
13/01/2025 12:43,14.06,15.25,15.81,15.95,15.87,15.48,15.17,15.02,15
13/01/2025 12:57,13.76,15.02,15.66,15.87,15.83,15.49,15.19,15.03,15
13/01/2025 13:12,13.45,14.78,15.5,15.78,15.79,15.5,15.2,15.04,15
13/01/2025 13:26,13.16,14.55,15.34,15.68,15.75,15.51,15.22,15.05,15
13/01/2025 13:40,12.87,14.31,15.17,15.58,15.69,15.51,15.23,15.06,15
13/01/2025 13:55,12.59,14.08,15,15.47,15.63,15.5,15.25,15.08,15
13/01/2025 14:09,12.32,13.85,14.83,15.35,15.57,15.5,15.26,15.09,15
13/01/2025 14:24,12.06,13.63,14.65,15.23,15.49,15.49,15.27,15.1,15
13/01/2025 14:38,11.81,13.41,14.48,15.11,15.42,15.47,15.27,15.1,15
13/01/2025 14:52,11.58,13.2,14.32,14.99,15.34,15.45,15.28,15.11,15
13/01/2025 15:07,11.36,13.01,14.15,14.87,15.26,15.43,15.28,15.12,15
13/01/2025 15:21,11.15,12.82,14,14.75,15.18,15.4,15.28,15.13,15
13/01/2025 15:36,10.95,12.64,13.85,14.64,15.1,15.38,15.28,15.13,15
13/01/2025 15:50,10.78,12.48,13.71,14.53,15.02,15.35,15.28,15.14,15
13/01/2025 16:04,10.62,12.33,13.58,14.42,14.94,15.31,15.27,15.14,15
13/01/2025 16:19,10.48,12.19,13.46,14.32,14.86,15.28,15.26,15.14,15
13/01/2025 16:33,10.35,12.07,13.35,14.23,14.79,15.25,15.26,15.15,15
13/01/2025 16:48,10.24,11.96,13.25,14.14,14.72,15.21,15.25,15.15,15
13/01/2025 17:02,10.16,11.87,13.16,14.06,14.66,15.18,15.23,15.15,15
13/01/2025 17:16,10.09,11.79,13.08,13.99,14.6,15.15,15.22,15.14,15
13/01/2025 17:31,10.04,11.73,13.01,13.93,14.54,15.12,15.21,15.14,15
13/01/2025 17:45,10.01,11.68,12.96,13.87,14.49,15.09,15.2,15.14,15
13/01/2025 18:00,10,11.65,12.91,13.83,14.45,15.06,15.18,15.14,15
13/01/2025 18:14,10.01,11.62,12.87,13.78,14.41,15.03,15.17,15.13,15
13/01/2025 18:28,10.04,11.61,12.84,13.75,14.37,15.01,15.16,15.13,15
13/01/2025 18:43,10.09,11.62,12.83,13.72,14.34,14.98,15.15,15.12,15
13/01/2025 18:57,10.16,11.63,12.81,13.7,14.31,14.96,15.13,15.12,15
13/01/2025 19:12,10.24,11.66,12.81,13.68,14.29,14.94,15.12,15.11,15
13/01/2025 19:26,10.35,11.69,12.81,13.66,14.27,14.92,15.11,15.11,15
13/01/2025 19:40,10.48,11.74,12.82,13.65,14.25,14.9,15.1,15.1,15
13/01/2025 19:55,10.62,11.79,12.83,13.64,14.23,14.88,15.09,15.1,15
13/01/2025 20:09,10.78,11.86,12.84,13.64,14.22,14.86,15.08,15.09,15
13/01/2025 20:24,10.95,11.93,12.87,13.63,14.2,14.85,15.06,15.09,15
13/01/2025 20:38,11.15,12.01,12.89,13.63,14.19,14.83,15.05,15.08,15
13/01/2025 20:52,11.36,12.1,12.92,13.63,14.18,14.82,15.04,15.08,15
13/01/2025 21:07,11.58,12.2,12.95,13.63,14.16,14.8,15.03,15.08,15
13/01/2025 21:21,11.81,12.3,12.99,13.63,14.15,14.78,15.02,15.07,15
13/01/2025 21:36,12.06,12.42,13.03,13.64,14.14,14.77,15.01,15.07,15
13/01/2025 21:50,12.32,12.54,13.07,13.64,14.13,14.75,15,15.06,15
13/01/2025 22:04,12.59,12.67,13.13,13.65,14.12,14.73,14.99,15.06,15
13/01/2025 22:19,12.87,12.81,13.18,13.66,14.11,14.71,14.98,15.05,15
13/01/2025 22:33,13.16,12.97,13.24,13.68,14.1,14.7,14.97,15.04,15
13/01/2025 22:48,13.45,13.13,13.31,13.69,14.09,14.68,14.95,15.04,15
13/01/2025 23:02,13.76,13.3,13.39,13.72,14.09,14.66,14.94,15.03,15
13/01/2025 23:16,14.06,13.48,13.48,13.74,14.08,14.64,14.93,15.03,15
13/01/2025 23:31,14.37,13.67,13.57,13.78,14.08,14.62,14.91,15.02,15
13/01/2025 23:45,14.69,13.87,13.68,13.82,14.09,14.6,14.9,15.01,15
14/01/2025 00:00,15,14.07,13.79,13.87,14.09,14.58,14.88,15.01,15
14/01/2025 00:14,15.31,14.29,13.91,13.92,14.11,14.57,14.87,15,15
14/01/2025 00:28,15.63,14.51,14.05,13.98,14.13,14.55,14.85,14.99,15
14/01/2025 00:43,15.94,14.74,14.19,14.06,14.15,14.54,14.84,14.98,15
14/01/2025 00:57,16.24,14.97,14.34,14.14,14.18,14.53,14.82,14.97,15
14/01/2025 01:12,16.55,15.21,14.49,14.22,14.22,14.52,14.81,14.96,15
14/01/2025 01:26,16.84,15.44,14.66,14.32,14.27,14.51,14.79,14.95,15
14/01/2025 01:40,17.13,15.68,14.83,14.42,14.32,14.51,14.78,14.94,15
14/01/2025 01:55,17.41,15.91,15,14.53,14.38,14.51,14.77,14.93,15
14/01/2025 02:09,17.68,16.15,15.17,14.65,14.44,14.52,14.75,14.92,15
14/01/2025 02:24,17.94,16.37,15.35,14.77,14.51,14.53,14.74,14.91,15
14/01/2025 02:38,18.19,16.59,15.52,14.89,14.59,14.54,14.74,14.9,15
14/01/2025 02:52,18.42,16.81,15.69,15.02,14.67,14.56,14.73,14.89,15
14/01/2025 03:07,18.64,17.01,15.86,15.14,14.75,14.58,14.73,14.89,15.01
14/01/2025 03:21,18.85,17.2,16.03,15.27,14.84,14.61,14.73,14.88,15.01
14/01/2025 03:36,19.05,17.39,16.18,15.39,14.92,14.64,14.73,14.87,15.01
14/01/2025 03:50,19.22,17.56,16.33,15.51,15.01,14.67,14.73,14.87,15.01
14/01/2025 04:04,19.38,17.71,16.47,15.62,15.09,14.7,14.74,14.86,15.01
14/01/2025 04:19,19.52,17.86,16.6,15.73,15.18,14.74,14.74,14.86,15.01
14/01/2025 04:33,19.65,17.98,16.72,15.83,15.25,14.77,14.75,14.86,15.01
14/01/2025 04:48,19.76,18.1,16.83,15.92,15.33,14.81,14.76,14.86,15.01
14/01/2025 05:02,19.84,18.2,16.93,16.01,15.4,14.84,14.77,14.86,15.01
14/01/2025 05:16,19.91,18.28,17.01,16.09,15.47,14.88,14.79,14.86,15.01
14/01/2025 05:31,19.96,18.35,17.08,16.16,15.53,14.91,14.8,14.86,15.01
14/01/2025 05:45,19.99,18.4,17.15,16.22,15.58,14.95,14.81,14.86,15.01
14/01/2025 06:00,20,18.44,17.2,16.27,15.63,14.98,14.83,14.87,15.01
14/01/2025 06:14,19.99,18.46,17.24,16.32,15.67,15.01,14.84,14.87,15.01
14/01/2025 06:28,19.96,18.47,17.27,16.36,15.71,15.04,14.85,14.87,15.01
14/01/2025 06:43,19.91,18.47,17.29,16.39,15.75,15.06,14.87,14.88,15.01
14/01/2025 06:57,19.84,18.45,17.3,16.41,15.77,15.09,14.88,14.88,15.01
14/01/2025 07:12,19.76,18.42,17.3,16.43,15.8,15.11,14.89,14.89,15
14/01/2025 07:26,19.65,18.38,17.3,16.44,15.82,15.13,14.91,14.89,15
14/01/2025 07:40,19.52,18.33,17.29,16.45,15.84,15.15,14.92,14.9,15
14/01/2025 07:55,19.38,18.27,17.27,16.46,15.85,15.16,14.93,14.91,15
14/01/2025 08:09,19.22,18.2,17.24,16.46,15.86,15.18,14.94,14.91,15
14/01/2025 08:24,19.05,18.13,17.22,16.45,15.87,15.2,14.95,14.92,15
14/01/2025 08:38,18.85,18.04,17.18,16.45,15.88,15.21,14.96,14.92,15
14/01/2025 08:52,18.64,17.94,17.15,16.44,15.89,15.23,14.97,14.93,15
14/01/2025 09:07,18.42,17.84,17.11,16.43,15.9,15.24,14.98,14.93,15
14/01/2025 09:21,18.19,17.73,17.06,16.42,15.9,15.25,14.99,14.94,15
14/01/2025 09:36,17.94,17.61,17.01,16.41,15.91,15.27,15,14.94,15
14/01/2025 09:50,17.68,17.48,16.96,16.4,15.91,15.28,15.01,14.95,15
14/01/2025 10:04,17.41,17.34,16.9,16.38,15.92,15.3,15.03,14.95,15
14/01/2025 10:19,17.13,17.2,16.84,16.36,15.92,15.31,15.04,14.96,15
14/01/2025 10:33,16.84,17.04,16.77,16.34,15.92,15.32,15.05,14.96,15
14/01/2025 10:48,16.55,16.88,16.7,16.32,15.93,15.34,15.06,14.97,15
14/01/2025 11:02,16.24,16.71,16.62,16.29,15.93,15.36,15.07,14.97,15
14/01/2025 11:16,15.94,16.53,16.53,16.26,15.93,15.37,15.08,14.98,15
14/01/2025 11:31,15.63,16.34,16.43,16.23,15.92,15.39,15.09,14.99,15
14/01/2025 11:45,15.31,16.14,16.33,16.18,15.91,15.4,15.11,14.99,15
14/01/2025 12:00,15,15.94,16.22,16.14,15.9,15.42,15.12,15,15
14/01/2025 12:14,14.69,15.73,16.1,16.08,15.89,15.43,15.13,15.01,15
14/01/2025 12:28,14.37,15.51,15.96,16.02,15.87,15.45,15.15,15.01,15
14/01/2025 12:43,14.06,15.28,15.83,15.95,15.85,15.46,15.16,15.02,15
14/01/2025 12:57,13.76,15.05,15.68,15.87,15.81,15.47,15.18,15.03,15
14/01/2025 13:12,13.45,14.82,15.52,15.78,15.78,15.48,15.19,15.04,15
14/01/2025 13:26,13.16,14.58,15.36,15.69,15.73,15.48,15.2,15.05,15
14/01/2025 13:40,12.87,14.34,15.19,15.59,15.68,15.48,15.22,15.06,15
14/01/2025 13:55,12.59,14.1,15.02,15.48,15.62,15.48,15.23,15.07,15
14/01/2025 14:09,12.32,13.87,14.85,15.36,15.56,15.48,15.24,15.08,15
14/01/2025 14:24,12.06,13.64,14.67,15.24,15.49,15.47,15.25,15.09,15
14/01/2025 14:38,11.81,13.42,14.49,15.12,15.41,15.45,15.26,15.1,15
14/01/2025 14:52,11.58,13.2,14.31,14.99,15.33,15.44,15.27,15.11,15
14/01/2025 15:07,11.36,12.99,14.14,14.86,15.25,15.42,15.27,15.11,15
14/01/2025 15:21,11.15,12.79,13.97,14.73,15.16,15.39,15.27,15.12,15
14/01/2025 15:36,10.95,12.6,13.8,14.61,15.07,15.36,15.27,15.13,15
14/01/2025 15:50,10.78,12.42,13.65,14.48,14.98,15.33,15.27,15.14,15
14/01/2025 16:04,10.62,12.26,13.5,14.36,14.89,15.3,15.26,15.14,15
14/01/2025 16:19,10.48,12.11,13.36,14.24,14.81,15.26,15.26,15.14,15
14/01/2025 16:33,10.35,11.97,13.23,14.13,14.72,15.22,15.25,15.15,15
14/01/2025 16:48,10.24,11.85,13.11,14.03,14.64,15.18,15.24,15.15,15
14/01/2025 17:02,10.16,11.75,13.01,13.93,14.56,15.14,15.23,15.15,15
14/01/2025 17:16,10.09,11.66,12.92,13.85,14.49,15.11,15.21,15.15,15
14/01/2025 17:31,10.04,11.59,12.83,13.77,14.42,15.07,15.2,15.15,15
14/01/2025 17:45,10.01,11.53,12.76,13.7,14.36,15.03,15.19,15.14,15
14/01/2025 18:00,10,11.49,12.71,13.64,14.3,15,15.17,15.14,15
14/01/2025 18:14,10.01,11.46,12.66,13.59,14.25,14.96,15.16,15.14,15
14/01/2025 18:28,10.04,11.45,12.63,13.55,14.21,14.93,15.14,15.13,15
14/01/2025 18:43,10.09,11.45,12.61,13.51,14.17,14.9,15.13,15.13,15
14/01/2025 18:57,10.16,11.47,12.59,13.48,14.14,14.88,15.11,15.12,15
14/01/2025 19:12,10.24,11.5,12.59,13.46,14.12,14.85,15.1,15.11,15
14/01/2025 19:26,10.35,11.54,12.6,13.45,14.09,14.83,15.08,15.11,15
14/01/2025 19:40,10.48,11.59,12.61,13.44,14.08,14.81,15.07,15.1,15
14/01/2025 19:55,10.62,11.66,12.63,13.44,14.06,14.79,15.06,15.1,15
14/01/2025 20:09,10.78,11.73,12.66,13.44,14.05,14.78,15.05,15.09,15
14/01/2025 20:24,10.95,11.81,12.69,13.45,14.04,14.76,15.03,15.09,15
14/01/2025 20:38,11.15,11.91,12.73,13.46,14.04,14.75,15.02,15.08,15
14/01/2025 20:52,11.36,12.01,12.78,13.47,14.04,14.73,15.01,15.07,15
14/01/2025 21:07,11.58,12.12,12.82,13.49,14.03,14.72,15,15.07,15
14/01/2025 21:21,11.81,12.23,12.88,13.51,14.03,14.71,14.99,15.06,15
14/01/2025 21:36,12.06,12.36,12.93,13.53,14.03,14.7,14.98,15.06,15
14/01/2025 21:50,12.32,12.49,12.99,13.55,14.03,14.69,14.97,15.05,15
14/01/2025 22:04,12.59,12.63,13.06,13.57,14.04,14.68,14.96,15.05,15
14/01/2025 22:19,12.87,12.78,13.13,13.6,14.04,14.66,14.95,15.04,15
14/01/2025 22:33,13.16,12.94,13.2,13.62,14.04,14.65,14.94,15.04,15
14/01/2025 22:48,13.45,13.1,13.28,13.65,14.05,14.64,14.93,15.03,15
14/01/2025 23:02,13.76,13.27,13.36,13.68,14.05,14.63,14.92,15.03,15
14/01/2025 23:16,14.06,13.45,13.45,13.72,14.06,14.62,14.91,15.02,15
14/01/2025 23:31,14.37,13.64,13.55,13.76,14.07,14.6,14.9,15.01,15
14/01/2025 23:45,14.69,13.84,13.66,13.81,14.08,14.59,14.89,15.01,15
15/01/2025 00:00,15,14.04,13.77,13.86,14.09,14.58,14.88,15,15
15/01/2025 00:14,15.31,14.25,13.89,13.91,14.11,14.57,14.87,14.99,15
15/01/2025 00:28,15.63,14.47,14.02,13.97,14.13,14.56,14.85,14.99,15
15/01/2025 00:43,15.94,14.7,14.15,14.04,14.15,14.55,14.84,14.98,15
15/01/2025 00:57,16.24,14.92,14.3,14.12,14.18,14.54,14.83,14.97,15
15/01/2025 01:12,16.55,15.16,14.45,14.2,14.22,14.53,14.81,14.96,15
15/01/2025 01:26,16.84,15.39,14.61,14.3,14.26,14.53,14.8,14.95,15
15/01/2025 01:40,17.13,15.63,14.78,14.4,14.31,14.52,14.79,14.95,15
15/01/2025 01:55,17.41,15.87,14.95,14.5,14.37,14.52,14.78,14.94,15
15/01/2025 02:09,17.68,16.1,15.13,14.62,14.43,14.53,14.77,14.93,15
15/01/2025 02:24,17.94,16.34,15.3,14.74,14.5,14.54,14.76,14.92,15
15/01/2025 02:38,18.19,16.56,15.48,14.86,14.58,14.55,14.75,14.91,15
15/01/2025 02:52,18.42,16.79,15.66,14.99,14.66,14.57,14.74,14.9,15
15/01/2025 03:07,18.64,17,15.84,15.12,14.74,14.59,14.74,14.89,15
15/01/2025 03:21,18.85,17.21,16.02,15.25,14.83,14.61,14.73,14.88,15
15/01/2025 03:36,19.05,17.4,16.19,15.39,14.92,14.64,14.73,14.88,15.01
15/01/2025 03:50,19.22,17.58,16.35,15.52,15.01,14.67,14.74,14.87,15.01
15/01/2025 04:04,19.38,17.76,16.51,15.65,15.11,14.71,14.74,14.86,15.01
15/01/2025 04:19,19.52,17.91,16.66,15.77,15.2,14.74,14.75,14.86,15.01
15/01/2025 04:33,19.65,18.05,16.8,15.89,15.29,14.78,14.75,14.86,15.01
15/01/2025 04:48,19.76,18.18,16.92,16,15.38,14.82,14.76,14.86,15.01
15/01/2025 05:02,19.84,18.29,17.04,16.1,15.47,14.87,14.78,14.85,15.01
15/01/2025 05:16,19.91,18.39,17.14,16.2,15.55,14.91,14.79,14.85,15.01
15/01/2025 05:31,19.96,18.47,17.23,16.29,15.62,14.95,14.8,14.86,15.01
15/01/2025 05:45,19.99,18.53,17.31,16.36,15.69,14.99,14.82,14.86,15.01
15/01/2025 06:00,20,18.58,17.37,16.43,15.75,15.03,14.84,14.86,15.01
15/01/2025 06:14,19.99,18.61,17.43,16.49,15.81,15.06,14.85,14.87,15.01
15/01/2025 06:28,19.96,18.62,17.47,16.54,15.86,15.1,14.87,14.87,15.01
15/01/2025 06:43,19.91,18.62,17.49,16.58,15.9,15.13,14.89,14.88,15
15/01/2025 06:57,19.84,18.61,17.51,16.61,15.94,15.16,14.9,14.88,15
15/01/2025 07:12,19.76,18.58,17.51,16.64,15.97,15.19,14.92,14.89,15
15/01/2025 07:26,19.65,18.54,17.51,16.65,15.99,15.21,14.93,14.89,15
15/01/2025 07:40,19.52,18.48,17.5,16.66,16.01,15.23,14.95,14.9,15
15/01/2025 07:55,19.38,18.42,17.47,16.66,16.03,15.25,14.96,14.91,15
15/01/2025 08:09,19.22,18.34,17.44,16.66,16.04,15.27,14.97,14.91,15
15/01/2025 08:24,19.05,18.25,17.41,16.65,16.04,15.29,14.98,14.92,15
15/01/2025 08:38,18.85,18.16,17.36,16.64,16.05,15.3,15,14.92,15
15/01/2025 08:52,18.64,18.05,17.31,16.62,16.05,15.31,15.01,14.93,15
15/01/2025 09:07,18.42,17.94,17.26,16.6,16.05,15.33,15.02,14.94,15
15/01/2025 09:21,18.19,17.82,17.2,16.58,16.04,15.34,15.03,14.94,15
15/01/2025 09:36,17.94,17.68,17.14,16.55,16.04,15.35,15.04,14.95,15
15/01/2025 09:50,17.68,17.55,17.07,16.52,16.03,15.36,15.05,14.95,15
15/01/2025 10:04,17.41,17.4,17,16.49,16.02,15.36,15.06,14.96,15
15/01/2025 10:19,17.13,17.25,16.92,16.46,16.02,15.37,15.06,14.96,15
15/01/2025 10:33,16.84,17.09,16.84,16.43,16.01,15.38,15.07,14.97,15
15/01/2025 10:48,16.55,16.92,16.76,16.39,16,15.39,15.08,14.98,15
15/01/2025 11:02,16.24,16.75,16.67,16.35,15.99,15.4,15.09,14.98,15
15/01/2025 11:16,15.94,16.57,16.58,16.31,15.97,15.41,15.1,14.99,15
15/01/2025 11:31,15.63,16.38,16.48,16.27,15.96,15.42,15.11,14.99,15
15/01/2025 11:45,15.31,16.19,16.37,16.22,15.95,15.43,15.12,15,15
15/01/2025 12:00,15,15.98,16.26,16.17,15.93,15.44,15.13,15,15
15/01/2025 12:14,14.69,15.77,16.14,16.11,15.91,15.44,15.14,15.01,15
15/01/2025 12:28,14.37,15.56,16.01,16.05,15.89,15.45,15.15,15.02,15
15/01/2025 12:43,14.06,15.34,15.88,15.98,15.86,15.46,15.17,15.02,15
15/01/2025 12:57,13.76,15.11,15.73,15.9,15.83,15.47,15.18,15.03,15
15/01/2025 13:12,13.45,14.88,15.58,15.82,15.79,15.47,15.19,15.04,15
15/01/2025 13:26,13.16,14.64,15.43,15.73,15.75,15.48,15.2,15.05,15
15/01/2025 13:40,12.87,14.41,15.26,15.63,15.7,15.48,15.21,15.06,15
15/01/2025 13:55,12.59,14.17,15.09,15.53,15.65,15.48,15.22,15.07,15
15/01/2025 14:09,12.32,13.93,14.92,15.41,15.59,15.47,15.23,15.07,15
15/01/2025 14:24,12.06,13.7,14.74,15.3,15.52,15.47,15.24,15.08,15
15/01/2025 14:38,11.81,13.47,14.56,15.17,15.45,15.45,15.25,15.09,15
15/01/2025 14:52,11.58,13.24,14.37,15.04,15.37,15.44,15.26,15.1,15
15/01/2025 15:07,11.36,13.02,14.19,14.91,15.28,15.42,15.26,15.11,15
15/01/2025 15:21,11.15,12.81,14.01,14.78,15.19,15.4,15.27,15.12,15
15/01/2025 15:36,10.95,12.61,13.84,14.64,15.1,15.37,15.27,15.12,15
15/01/2025 15:50,10.78,12.42,13.67,14.51,15.01,15.34,15.27,15.13,15
15/01/2025 16:04,10.62,12.25,13.5,14.37,14.91,15.3,15.26,15.14,15
15/01/2025 16:19,10.48,12.08,13.34,14.24,14.81,15.26,15.26,15.14,15
15/01/2025 16:33,10.35,11.93,13.2,14.11,14.72,15.22,15.25,15.15,15
15/01/2025 16:48,10.24,11.8,13.06,13.99,14.62,15.18,15.24,15.15,15
15/01/2025 17:02,10.16,11.68,12.94,13.88,14.53,15.14,15.23,15.15,15
15/01/2025 17:16,10.09,11.58,12.82,13.78,14.44,15.09,15.21,15.15,15
15/01/2025 17:31,10.04,11.49,12.72,13.68,14.36,15.05,15.2,15.15,15
15/01/2025 17:45,10.01,11.42,12.64,13.59,14.28,15.01,15.18,15.15,15
15/01/2025 18:00,10,11.37,12.56,13.51,14.21,14.96,15.17,15.14,15
15/01/2025 18:14,10.01,11.34,12.5,13.45,14.15,14.92,15.15,15.14,15
15/01/2025 18:28,10.04,11.32,12.46,13.39,14.09,14.88,15.13,15.13,15
15/01/2025 18:43,10.09,11.31,12.42,13.34,14.04,14.85,15.11,15.13,15
15/01/2025 18:57,10.16,11.32,12.4,13.3,14,14.81,15.1,15.12,15
15/01/2025 19:12,10.24,11.35,12.39,13.27,13.96,14.78,15.08,15.12,15
15/01/2025 19:26,10.35,11.39,12.39,13.25,13.93,14.75,15.06,15.11,15
15/01/2025 19:40,10.48,11.44,12.41,13.24,13.91,14.73,15.05,15.1,15
15/01/2025 19:55,10.62,11.51,12.43,13.24,13.89,14.71,15.03,15.1,15
15/01/2025 20:09,10.78,11.59,12.46,13.24,13.88,14.69,15.02,15.09,15
15/01/2025 20:24,10.95,11.68,12.5,13.25,13.87,14.67,15,15.08,15
15/01/2025 20:38,11.15,11.78,12.54,13.27,13.87,14.65,14.99,15.08,15
15/01/2025 20:52,11.36,11.89,12.6,13.28,13.87,14.64,14.98,15.07,15
15/01/2025 21:07,11.58,12,12.65,13.31,13.87,14.63,14.97,15.06,15
15/01/2025 21:21,11.81,12.13,12.72,13.34,13.88,14.62,14.96,15.06,15
15/01/2025 21:36,12.06,12.27,12.79,13.37,13.89,14.61,14.95,15.05,15
15/01/2025 21:50,12.32,12.41,12.86,13.4,13.9,14.6,14.94,15.05,15
15/01/2025 22:04,12.59,12.56,12.94,13.44,13.91,14.6,14.93,15.04,15
15/01/2025 22:19,12.87,12.71,13.02,13.47,13.92,14.59,14.92,15.03,15
15/01/2025 22:33,13.16,12.87,13.1,13.51,13.94,14.58,14.91,15.03,15
15/01/2025 22:48,13.45,13.04,13.19,13.56,13.95,14.58,14.9,15.02,15
15/01/2025 23:02,13.76,13.22,13.29,13.6,13.97,14.57,14.9,15.02,15
15/01/2025 23:16,14.06,13.4,13.38,13.65,13.99,14.57,14.89,15.01,15
15/01/2025 23:31,14.37,13.59,13.49,13.7,14,14.56,14.88,15.01,15
15/01/2025 23:45,14.69,13.79,13.6,13.75,14.02,14.55,14.87,15,15
16/01/2025 00:00,15,13.99,13.71,13.8,14.04,14.55,14.86,15,15
